Time,Type,MeanSz,ErrorMeanSz,CV2Sz,ErrorCV2Sz,MeanProt,ErrorMeanProt,CV2Prot,ErrorCV2Prot,MeanRNA,ErrorMeanRNA,CV2RNA,ErrorCV2RNA
0.0,Single Lineage,1.0,0.0,0.0,0.0,500.0,0.0,0.0,0.0,5.0,0.0,0.0,0.0
1.8,Single Lineage,1.0717734599999997,0.0,0.0,0.0,506.0740346434718,0.18214722768249203,0.0002517726434934152,8.235350392193021e-06,6.682699103088173,0.045732611804369494,0.08932510413383926,0.003149568813446732
3.6,Single Lineage,1.148580263810648,0.00017230475099994091,5.174999648271518e-05,7.499999193973058e-05,520.918196143807,0.4370706054161815,0.0013808198750226623,4.4929936112304294e-05,7.78606520335662,0.05591546198903208,0.09374763448743412,0.003276185454286283
5.4,Single Lineage,1.23089904292108,0.0002462288800000323,0.0001023999863604161,9.999998236203772e-05,540.752017611074,0.6806211394203956,0.003169918717520939,0.00010841199580788048,8.495585004255902,0.05808010658963614,0.0873681799919421,0.0029108459439674828
7.2,Single Lineage,1.3176327573233102,0.0007917047400001209,0.0007063482886326409,0.00029999811562110015,563.3271844737275,0.9387112623945768,0.005045264101161079,0.0001611952679472571,9.028192875149578,0.05988217086769421,0.07906905208703398,0.002525888258733601
9.0,Single Lineage,1.4073001770119402,0.0016970562720000082,0.002454586652348163,0.0005499591689750801,587.2861699805828,1.1594378829946663,0.00681544876221575,0.0002265357065809495,9.339942117713655,0.057562026022201174,0.07572480301765303,0.0024616797777062688
10.8,Single Lineage,1.4863442562544702,0.0034861481339999445,0.009659491538139239,0.0010986989634718374,611.2441525767236,1.3118248463360942,0.008293498084495844,0.00026429829641008967,9.56216037817828,0.05840471728443397,0.06891586295356594,0.0022828465892331534
12.6,Single Lineage,1.54025147409008,0.005685766729999875,0.025889771555500325,0.0017583242599327371,634.8460051587191,1.4205330001313428,0.009416528299088412,0.0003004665361060867,9.710781941338137,0.05777452777989378,0.06780583115278546,0.0023445835199925394
14.4,Single Lineage,1.55793380786972,0.008448693281850161,0.05183410136965122,0.002244796147544359,657.6694574340723,1.6203713340692047,0.010233945138677465,0.0003508856046301311,9.796111136340656,0.05786280733572724,0.06864583095456685,0.0024804132395104816
16.2,Single Lineage,1.5268051080797078,0.009988118157949977,0.08625354588541745,0.002240265146042787,679.503002067068,1.64513125381103,0.0108935969918926,0.00036850110346579087,9.859297409831626,0.06062486104427478,0.07346874787512797,0.0027708063779430803
18.0,Single Lineage,1.4587981999999997,0.011552500000000077,0.11675257186648895,0.0013942394098711217,700.2334669160693,1.6801483869693925,0.011406062921147672,0.0003835414553849184,9.915229670839318,0.06545500013271166,0.07770162836023843,0.002770347910458021
19.8,Single Lineage,1.3815441804733017,0.011095534847599953,0.12371283869143752,0.0006940738068974342,719.8745201914651,1.7605988591787423,0.011903952775613664,0.00039366808002387274,9.927391999298237,0.06450990087330322,0.08095536814177029,0.002740211532757199
21.6,Single Lineage,1.3415453916477982,0.00993624080919997,0.10273345180531587,0.0026497820644977993,738.1042871478336,1.9078671032419834,0.012367745648081319,0.0004180684335064449,9.90752328636953,0.06669505212205351,0.08306438113347576,0.0031242138460749747
23.4,Single Lineage,1.330922017103044,0.007943959368999942,0.0665627765058685,0.003844810922848066,754.9903293318865,1.9477751812496535,0.012689247622422711,0.00044045637300773027,9.909446407903069,0.0658289929182887,0.07753381508617894,0.0026909764197555266
25.2,Single Lineage,1.3578664008530763,0.006139010554550128,0.03481393263665945,0.0036478954485976225,770.9824671065489,1.9871214633135423,0.012860304040847996,0.0004425707030128569,9.955357016040518,0.05934977906811323,0.07340020873476588,0.0024911345148244807
27.0,Single Lineage,1.412948263127868,0.004599729603899982,0.019924143831301852,0.0026281973120816683,786.1046956527,2.1284010978750985,0.01295176070362409,0.0004752801331266371,9.95549062657564,0.06440151587247556,0.07370139617641273,0.0026508018780389137
28.8,Single Lineage,1.4681215535992,0.005001864684800017,0.021424616898708473,0.002089700253977594,799.9867180739634,2.136464042015575,0.013106631201977754,0.0004653228824380174,9.915888972594521,0.06471856209443239,0.07278555445016523,0.0025032095988110972
30.6,Single Lineage,1.5123918669227678,0.006908206580649945,0.03504668248839537,0.0020285522165234687,812.8750272469468,2.1434714221321656,0.013128783869425658,0.0004414255845715514,9.907395277505056,0.05948120332875462,0.07115322177539907,0.0024975200266665054
32.4,Single Lineage,1.5290538150403121,0.008365990977699966,0.05966269394983864,0.0022953914876085307,824.9725227135601,2.123522855426927,0.01305643220924853,0.000451043453543222,9.905144333289776,0.06088675630162843,0.0720902282958925,0.002547418661600853
34.2,Single Lineage,1.5121100250938058,0.010454634652950046,0.08964711843401618,0.0021857009723286955,836.2301630613024,2.130654585519437,0.01288167641355287,0.00045443913022031896,9.932147259026323,0.05993893187644517,0.07563046710457115,0.00281818955594855
36.0,Single Lineage,1.4667450000000002,0.011159999999999948,0.11576553881625162,0.0014772640160563774,847.0341414786417,2.3747503517843143,0.012797930750321011,0.00041836079866945826,10.01619157229452,0.06516500075703568,0.07881578211416514,0.0026742736460562966
37.8,Single Lineage,1.4072266594254736,0.011634101016350096,0.12479207370718005,0.00031998530232661693,857.3840569958597,2.201416739708918,0.012796156932757223,0.00044621130683726584,9.99483693142356,0.06413668718530463,0.08025994545001305,0.0027082520332337157
39.6,Single Lineage,1.367777986359366,0.010570896655850093,0.1094851678354695,0.0022991276063441812,866.8933612757452,2.2206582904580046,0.012819823883291118,0.00043871836857773804,10.005000559691334,0.06331513843609038,0.07780922116891446,0.002913555032776939
41.4,Single Lineage,1.3559868863578601,0.008928874900900108,0.07827600945006007,0.0035229431902559713,875.6409851421781,2.3104043437781456,0.012816883262826154,0.0004081459762434979,9.951041108964368,0.06413138577030697,0.07777058616999225,0.002492215759289179
43.2,Single Lineage,1.3785835987115604,0.00719131809930007,0.049343876698563535,0.0037588393161840407,883.6078931251666,2.388753429381609,0.012815208138457972,0.00043144223471206205,9.972728555416479,0.06366956779689659,0.0734731624767982,0.0023510438031116854
45.0,Single Lineage,1.418448705348132,0.005660389773899932,0.02973687754025971,0.0032638891826817003,891.2616614574309,2.417403612087753,0.012743248740303137,0.00042722644781040525,10.01009715429534,0.0629431078257614,0.07306327360170588,0.002356962106579874
46.8,Single Lineage,1.4695025228997902,0.005532365466300093,0.027072276627065676,0.0028013607986872545,898.4178792148304,2.4792062729196687,0.012572003107285543,0.00043758333416358923,9.956108691804674,0.06186182615020375,0.07138250498017164,0.002380428215681886
48.6,Single Lineage,1.5078478021806119,0.007066595799099962,0.03879633258388734,0.0023869363019343344,904.9819456814951,2.365804963941457,0.012455740747670337,0.00041701205883615516,9.977153645225195,0.06107553404191712,0.06957178339484565,0.002365916049989876
50.4,Single Lineage,1.5226427324106362,0.008792560757099999,0.0626220500072117,0.002484940839742586,911.1971788475632,2.3595110491482956,0.01234433966107561,0.00042427793432421503,9.973484194356534,0.06336794272290724,0.07048135044078524,0.002440679403445306
52.2,Single Lineage,1.5106326606594815,0.010361331354950098,0.09035084774428322,0.0024048777069672206,916.8987426201198,2.3987897278143464,0.012226259686392783,0.00041154471366375636,9.934776752104751,0.06292917314297686,0.07469553286417839,0.002663367980404646
54.0,Single Lineage,1.471841,0.01215250000000001,0.1151812438670745,0.0014864104579789261,922.260301609242,2.424373967118413,0.012116968456763515,0.0003891193322169452,9.99630157466407,0.06395499718513342,0.0766288409097584,0.002792845386566996
55.8,Single Lineage,1.4184349448446938,0.011792187602700066,0.1251686876069537,0.0002837993007281103,927.35069981554,2.350971708959605,0.011993671586457005,0.00039157960754685524,9.983808480849842,0.06721569502261637,0.07676807435851171,0.002805536074778417
57.6,Single Lineage,1.3706902813275441,0.010395720161099908,0.11094571144384656,0.0023037875344204956,932.0817048907272,2.3898443141815164,0.011912238275364341,0.0003840942767938957,10.007210196356144,0.06719562085903341,0.07972944388689773,0.002735981073893022
59.4,Single Lineage,1.3552025242738441,0.008741125366599878,0.07936214942732996,0.003731037728161732,936.7144239933418,2.3990263664440477,0.011863099821746192,0.000401334982152576,9.97158541427965,0.06669810722030611,0.07895682435675302,0.0025126200752793246
61.2,Single Lineage,1.3815275528198463,0.0073925430705999995,0.05211642164219224,0.0038419245222481337,940.9958861627642,2.351421636521593,0.01184090553596485,0.0003750236530434747,10.025817588664555,0.06504318766845607,0.07477745593502502,0.002519265512624061
63.0,Single Lineage,1.416362316083064,0.005660389773900043,0.030382679527363086,0.0032530901327156737,945.1325723713644,2.379097981442442,0.011865942161965733,0.00039166074294928223,10.0457168814195,0.06395603692448848,0.0722225803367148,0.0025031623847098713
64.8,Single Lineage,1.4677371677773163,0.0059112946503999675,0.02928995815017416,0.0027103180588364147,949.2578204360564,2.3717903101016304,0.01183237047468047,0.0003978562602956976,10.078598410754697,0.06418911099721036,0.07015870325704021,0.0024150340705668266
66.6,Single Lineage,1.5082389829428597,0.006660469602099872,0.03974499308212528,0.0024439767565453026,953.1721693126742,2.404204163844213,0.011768756309092588,0.0003887939849425122,10.048006309559385,0.06003521905722575,0.07209413805721476,0.002508793318794021
68.4,Single Lineage,1.5213997603029061,0.008714211207500044,0.06344745106618552,0.0025285816202793646,956.6897195086109,2.391556177712573,0.011623195487925984,0.00037090570382680883,10.06123521089595,0.06154581672804138,0.06851451316263911,0.0024835047680670866
70.2,Single Lineage,1.5000010296493278,0.010872166917450077,0.09276418442474574,0.0023898321392384902,959.743201756534,2.336744201552335,0.011469233568899758,0.00038414701086818184,9.9954318448723,0.06364458946190243,0.07421219604040412,0.0025313733868147503
72.0,Single Lineage,1.4578209,0.012252499999999888,0.11734704592807932,0.0016510190934415359,962.4772961842364,2.347705625878632,0.011366799537416294,0.0003689867010812165,10.05228397963041,0.06671250132639628,0.07625083787737122,0.0027714588294254702
73.8,Single Lineage,1.4139101316080478,0.010985678066049887,0.12502891768005112,0.00027279956167602926,965.3908863642026,2.303279520734577,0.011334895940061256,0.00038247431251798095,10.07991367632066,0.06517701713269997,0.07550533245447613,0.0026180253466808676
75.6,Single Lineage,1.3801415416836722,0.011265859167450043,0.1121812272881201,0.0021711523463475643,968.2002185555373,2.4512888112438986,0.011370576574388029,0.00035931384634639227,10.068136451249734,0.07024254454188483,0.07844462860096232,0.0026384184642801248
77.4,Single Lineage,1.3672897770485484,0.00899658784459989,0.08267304153655762,0.003558972075275807,970.6950954176762,2.3911585267114788,0.011429814502204849,0.0003708401223918977,10.044063251948712,0.062072320969863704,0.0767775992831971,0.002722202412814005
79.2,Single Lineage,1.3830684741566825,0.007455219681349989,0.053078829513485686,0.004021610861669921,972.9747103470359,2.281127919340065,0.011440386209623014,0.0003782911023098665,10.043649082261132,0.06656079461774933,0.0755983460228401,0.002622033227440153
81.0,Single Lineage,1.41891440587344,0.005801811129900081,0.03019488584364079,0.0032144567898540442,975.1231539673823,2.437107634043741,0.01142341519055889,0.0003845078955213863,10.043265197613833,0.06194785591452767,0.0723236242231475,0.0023567349857932032
82.8,Single Lineage,1.47117132683237,0.005460368972350027,0.028098394139760896,0.0026260714661488858,977.0865972358089,2.5057404822154012,0.011362783217294727,0.00039602749079484505,10.015518805810046,0.06169194145104839,0.07008300705290325,0.002357235845911125
84.6,Single Lineage,1.5103665968686137,0.0071478210349998905,0.04053400313950929,0.0025968762022197944,978.942809804002,2.429994665532263,0.011251869474554869,0.0003895048124171654,10.064570987761874,0.06218971731316181,0.06801772120007789,0.0024369042930764764
86.4,Single Lineage,1.5231056911835261,0.008792560743299815,0.0645165239507638,0.0027066277943510707,980.7000467555237,2.4538475107549402,0.01115925414696434,0.0003909222088671182,10.047169630465712,0.06015732856057632,0.07075542349285457,0.0025383676285925527
88.2,Single Lineage,1.5066249107540377,0.010641241251000078,0.09133509613524288,0.002262959064961649,982.2797591384683,2.421200392334981,0.011108003727294282,0.0003831912774860686,10.049168258958984,0.06386697858755497,0.07451431804244375,0.002740060728071987
90.0,Single Lineage,1.4650965999999999,0.011599999999999944,0.11593029275737664,0.0014382807210737286,983.6203191577799,2.372034446740429,0.011022840326465867,0.00035578107494926587,9.988221878704236,0.06421500236030919,0.07664999870030491,0.0025670693878484738
91.8,Single Lineage,1.416540906766592,0.012542429032650015,0.12496285658676495,0.00021394742700537456,984.6456275412831,2.3622420539696236,0.01099553998200426,0.00036175409495771936,9.998513083099049,0.06392208743247263,0.07830811244512856,0.002682733964511304
93.6,Single Lineage,1.369647837551914,0.010510589989099928,0.10994740787711592,0.0023869906617756745,985.4446885897014,2.3965369227904034,0.01094695921339415,0.00036421724925123945,9.949149001336991,0.06508235709124133,0.07656038146989752,0.0026821974171622603
95.4,Single Lineage,1.357528771621448,0.008925797034599947,0.07835092322920512,0.0037455665128966545,985.9622417435769,2.430920471906802,0.010955564978336642,0.0003608962695778352,9.961385226104696,0.06507563031744734,0.07560575926375963,0.002680640347977034
97.2,Single Lineage,1.3732786491041202,0.006534862920549944,0.04517784445250625,0.0037319948982309156,986.5313830010979,2.399546811178652,0.010903779147668616,0.00036035947578794483,9.945866122723427,0.06482151283248339,0.07208606903898021,0.002570487074868899
99.0,Single Lineage,1.41561858117186,0.005377547061899968,0.02766537897752681,0.0031891345630051544,987.194552147674,2.3228429060924896,0.010822342238397032,0.00035593714332436775,9.98074663909031,0.06095613784005316,0.06998389926478166,0.0024980586544078517
100.8,Single Lineage,1.4703161595627743,0.005611940636449875,0.026407932164011147,0.002662583225736653,987.9569619385351,2.465900851781214,0.010680265352384723,0.0003625746394286724,9.99619494400017,0.060849106824306,0.06964216997635927,0.002617275468256762
102.6,Single Lineage,1.507297095079688,0.006904145305300036,0.0406652097153581,0.002597394342050162,988.7971281559072,2.410616749999974,0.01056886881937142,0.00034893324186930415,9.999423877029876,0.06140947763959659,0.07266883741847323,0.0025957619355803513
104.4,Single Lineage,1.5237081122024063,0.008531395592099922,0.06183558048164628,0.0025942381104924472,989.4546788000811,2.446133850556123,0.010519111855069319,0.0003548422238870358,9.979404814126934,0.06192776182694981,0.07380160624430326,0.002506253655660061
106.2,Single Lineage,1.5066997399979918,0.010356666189000108,0.0908305887659032,0.0023281303498533315,990.0698320702247,2.330083430085608,0.01045014438687317,0.00035715350479011056,9.987890630388268,0.060941035486759,0.07380255189137244,0.0027801651766896918
108.0,Single Lineage,1.4686172000000002,0.011552500000000077,0.11558454504477696,0.0014707288921690584,990.7466218692862,2.363343526001188,0.010414238166134078,0.00034339349697573313,10.01055617452739,0.06126749711247115,0.07684006822557025,0.002695004989118774
109.8,Single Lineage,1.4269079571901737,0.012220896990699948,0.1253093163669068,0.0002714705981327753,991.3740435206398,2.3579661721668685,0.010295395410391756,0.00034178168561495043,9.984529710495663,0.06290041677814351,0.0769128855039674,0.0027362723292836816
111.6,Single Lineage,1.3865184257612881,0.01074607315870002,0.11357081926578717,0.0021538965729119355,992.056162451856,2.332029196323731,0.010253778650150782,0.0003354671790605831,10.026050816000996,0.06480378384112839,0.07624403854847747,0.0027997182832411593
113.4,Single Lineage,1.3720119546046563,0.009178181656900097,0.08561348693410124,0.0035167535019038354,992.7180075120432,2.4131855445808696,0.010234362129453016,0.00036303032611431207,10.006062513138897,0.06674277940696616,0.07595232981833457,0.0024143321602487083
115.2,Single Lineage,1.3811933214711103,0.007455219684250003,0.05262054877745972,0.003930186819565449,993.2313142440535,2.321754690793398,0.010305406959919676,0.0003440318158603262,9.99690939092807,0.06305002159930329,0.07317377991236483,0.0024615788193390956
117.0,Single Lineage,1.4170114401071041,0.00580181112989997,0.0320905023694236,0.003404300857878663,993.6111838167386,2.397935549334079,0.010368595200556214,0.00034224349616737964,9.988099068587806,0.06001745130735614,0.0721786303574896,0.0024348064368428027
118.8,Single Lineage,1.46875527459785,0.005839298133249904,0.02960889101515943,0.0028942271811061623,994.0289624670577,2.2137846227303157,0.010399561943418718,0.0003352442234154634,10.018501362485843,0.062196649377350255,0.07073569651648524,0.0025181653827472325
120.6,Single Lineage,1.5079209049274878,0.007066595799500086,0.04158725675736972,0.0026259540588562703,994.5017077062873,2.4432815826870637,0.010347681720422745,0.0003472754727568625,9.993529532069577,0.0608677785400884,0.07044499500112444,0.0024393080284761046
122.4,Single Lineage,1.5221407729475105,0.009053725926100098,0.0632391319691338,0.002624250162178765,994.961024421962,2.298119102291139,0.010355859108348558,0.00036364372459726877,10.01729888370878,0.06079772776460857,0.07339452346322468,0.0025922841423642734
0.0,Population Snapshots,1.0,0.0,0.0,0.0,500.0,0.0,0.0,0.0,5.0,0.0,0.0,0.0
1.8,Population Snapshots,1.0717734599999997,0.0,0.0,0.0,505.99356851899546,0.6899979550389048,0.0002533327275881552,3.2218532747326515e-05,6.671643035418335,0.17144481116093013,0.10118356786560824,0.012237014810326782
3.6,Population Snapshots,1.14869835,0.0,0.0,0.0,520.9466124786139,1.7555227163816198,0.0015252191975203026,0.00018781321242873877,7.81254917930505,0.19266371919084735,0.10003290092446931,0.011647365353792946
5.4,Population Snapshots,1.23114441,0.0,0.0,0.0,541.1895640059963,2.63896344625482,0.0034353722768902823,0.00043677115713193796,8.606748078262644,0.2051952580202343,0.0834198593489838,0.010078575866028845
7.2,Population Snapshots,1.31950791,0.0,0.0,0.0,564.2960717617225,3.618578391336996,0.0055809634865369145,0.0007510364918520834,9.015453504561021,0.217978983562646,0.08555286959696651,0.010774312265625884
9.0,Population Snapshots,1.4000266176337428,0.007001057227722818,0.005006765419675084,0.002474434345170736,589.0602862934893,4.28020666676241,0.007807476148958295,0.0010305235751843999,9.384122340155216,0.22840948507249692,0.08301432754939299,0.011416086459352277
10.8,Population Snapshots,1.4603607898157802,0.015332393150289003,0.018239791960222625,0.004794962012622878,612.9603490625911,4.680734612380661,0.009607111180211686,0.0012227885236820195,9.542178146830897,0.2109309431526718,0.07959091602289681,0.009642934182834462
12.6,Population Snapshots,1.476524219122218,0.02067551538181822,0.045125606735637355,0.006597399647390572,635.1361085459857,5.088133455461957,0.010629774512101686,0.0013897475632988513,9.500115787545997,0.21659923979048745,0.07598949306553399,0.009612474627275033
14.4,Population Snapshots,1.4391610970130746,0.02805906795867752,0.08307920927567926,0.007175987833941723,657.4350488941361,5.087445265091162,0.011316022659363559,0.0014659262430929288,9.645160530451141,0.21441194198532898,0.08681218237124241,0.00940820126110506
16.2,Population Snapshots,1.3540312877679679,0.028471725130261305,0.11745260910872901,0.003714482322536135,678.4549269368157,4.960443546785768,0.01194087916525995,0.001439939785426201,9.774291195752168,0.19124943161605046,0.08277841345032787,0.00841846179884296
18.0,Population Snapshots,1.2951878238341967,0.02720207253886009,0.12379672585298104,0.0014397574239571748,699.034472689535,5.189365302300587,0.01254357874287476,0.0012931134075624753,9.9290752376612,0.1923904171511266,0.08300381694582595,0.007869769275363467
19.8,Population Snapshots,1.2596738628867798,0.02333090896797907,0.10437342395735281,0.0062721874759349636,716.647853994096,5.1680883000431095,0.013371466360844067,0.0012075220329864208,9.897405351694456,0.170687138428268,0.08289957459227977,0.007852785893786393
21.6,Population Snapshots,1.2380108853547631,0.017948411864224245,0.0642577570100084,0.009089492134916322,735.2606090701153,4.9465953118656785,0.013511439134873907,0.0011457543587481966,9.976115562692623,0.1725283518617342,0.07977420420909177,0.0076185015985277965
23.4,Population Snapshots,1.2611087750456353,0.011983475379098274,0.034387476319427124,0.008119532464677635,754.1940601632066,5.248054458026559,0.013692779903046823,0.0012091982232536776,10.029487732799902,0.16121386871957277,0.0795244341451415,0.007937696105813422
25.2,Population Snapshots,1.3250826985485642,0.010598457063755173,0.020499778059441195,0.006428870858079302,770.5432456679972,5.252615676729022,0.013805416078111001,0.0012110444022992092,10.031112511649987,0.16345172158335863,0.07744703899295066,0.006435526343682982
27.0,Population Snapshots,1.3702578292339536,0.010277714825581485,0.021696967888110208,0.0046215887946472155,786.1943455722337,5.3155321266903,0.01400273842544241,0.0011694707779427863,10.044985680752243,0.15962892574661414,0.07587052206550775,0.00621660370986845
28.8,Population Snapshots,1.4219838604060415,0.012796856679174518,0.03401982667068144,0.005050814529054336,801.0930284860277,5.383564376161189,0.01419656467142497,0.0011991926385631112,10.114453083281159,0.15907656094499156,0.07376910477744435,0.006010957643619773
30.6,Population Snapshots,1.42631092809115,0.01711506352063208,0.06151086325280607,0.005392434949622653,815.3015715556859,5.280073871616992,0.014109064362452977,0.0011250467368821163,10.00079182306397,0.14818520711440453,0.07604277296748002,0.005738559072585386
32.4,Population Snapshots,1.3940818296478064,0.01881894746997581,0.09370485889783431,0.0043985961501793736,828.4787917341112,4.8329165928687985,0.013905101314210026,0.0009821715818932233,9.982843902628927,0.14815597909480882,0.08357469875651483,0.006438195583966966
34.2,Population Snapshots,1.344232997430043,0.019830312107348758,0.11866923788053262,0.0023280959745792876,838.3357669274621,4.484759254896915,0.013693715589540011,0.0009212557587274395,9.821854434880661,0.13689556956119553,0.08531033214830284,0.006403475878657687
36.0,Population Snapshots,1.285560411311054,0.01833226221079698,0.12327931890123826,0.0013278228395168512,847.33094050477,4.46189704327702,0.01348607865433821,0.0008206120811545172,9.89937424396682,0.13512429617150623,0.08670939724226281,0.006098792540066601
37.8,Population Snapshots,1.2585465074492304,0.016362953734732733,0.10554698037394157,0.004500834432706491,856.8584577569952,4.451662835560683,0.013395883844861341,0.0008570876529710439,9.982849807282113,0.13679372676730672,0.08719643462826875,0.005511309591118112
39.6,Population Snapshots,1.26215629689489,0.013727576546703313,0.07577152454071572,0.0061483958126761565,867.2412736832337,4.487846607961103,0.013178626124089278,0.0007643729736904149,10.010081057175789,0.1255716761208845,0.0786398553079818,0.0051010492248022635
41.4,Population Snapshots,1.2899452605908643,0.01064111206390772,0.046224313621487594,0.0064997303028069,876.1758027881305,4.486957014739346,0.013018818449905442,0.0007509494826402506,9.986001260639926,0.11943281202648315,0.07891829848431692,0.0052773770700679165
43.2,Population Snapshots,1.31941356537504,0.008420109861250191,0.028483793820364697,0.005094703342462049,884.7681278292458,4.0804234671126665,0.012740480100857774,0.0007799982210013878,9.963228903652135,0.1201986577055063,0.08043366159783048,0.005144925794987945
45.0,Population Snapshots,1.3638732850334814,0.007841589170684782,0.029403408876739274,0.00416265241417133,891.9436642175444,4.030491161954558,0.012588177616996809,0.0007015003176358758,9.953441119110655,0.11194610981126374,0.07772959471179612,0.004572743855611093
46.8,Population Snapshots,1.400553964444596,0.009626375498845263,0.040200774098308294,0.0036199588265264995,899.0271342742784,3.833156991934686,0.012543168456112329,0.0007299772751230369,9.95239230527568,0.11386307686591035,0.07557078947381998,0.004282291897991147
48.6,Population Snapshots,1.3982645388983732,0.012765713659315892,0.0687889635742174,0.003478602171185577,905.1720864375212,3.867771775783865,0.012333984225744334,0.0006906329285541772,9.926400929542083,0.10484800264383409,0.07904570493268281,0.004846684947165537
50.4,Population Snapshots,1.3754846748238352,0.014105188437894878,0.09861299404498504,0.00337010751646806,911.7086320985052,3.7099512082658634,0.012162529502428,0.0006321598668155822,9.974566904506334,0.10073266245472734,0.08098003330716415,0.004737998539522809
52.2,Population Snapshots,1.3358193912750858,0.014526462088493175,0.12072795055339149,0.0022482089240008427,916.4775154038148,3.44140518578115,0.012102272528050378,0.0006199678013081283,9.919970670198097,0.10076687048127297,0.08412668708323628,0.004625632004881336
54.0,Population Snapshots,1.2926806722689077,0.013259534583064059,0.12382996120442502,0.0007721189778285356,921.2614677422843,3.356139059178304,0.011796513246924134,0.0005686435042373946,9.986642140439944,0.09639967611900246,0.08640336911941825,0.004457519751049341
55.8,Population Snapshots,1.2504905140254647,0.010865420022747263,0.10292305574576449,0.0032537292522643035,927.4607750359713,2.9510719246026156,0.011736695929753484,0.0005554274378487744,9.931754705742305,0.09385113399581169,0.08894849229869725,0.004110779309167506
57.6,Population Snapshots,1.2503215741613285,0.009223353729722272,0.07194768984229626,0.004409538375537009,932.2184641626432,3.1087802563134233,0.011663695742439483,0.0005218151724582119,9.976841665923072,0.08994705007865811,0.08744192490779526,0.0037695939244703977
59.4,Population Snapshots,1.2815127009498959,0.007049759800104027,0.044751500623654676,0.004540635335281252,936.1085320872777,2.935101182331266,0.011750614634278605,0.0004940765361041936,9.957602298168274,0.08388754822892341,0.08158233478686094,0.0033282795531114004
61.2,Population Snapshots,1.3217419530468069,0.00553512584422744,0.026477205930118264,0.003385394827868163,940.7366777977741,2.9807046291310257,0.011788641148737199,0.0004969530749842684,10.029624735908598,0.08272672266560122,0.07698295253466428,0.0034539558440159976
63.0,Population Snapshots,1.3687546180740626,0.005731448616017376,0.024564825560235995,0.0025178728787894726,944.7880606757328,2.8616960823227373,0.011729342940688855,0.0004880858201974205,10.062726616664706,0.07600488499218905,0.07423702752651473,0.0031704513260503164
64.8,Population Snapshots,1.403134888153342,0.00684457759644741,0.040994455338000835,0.002778931384355355,948.9749041425534,2.9114121251757297,0.011699338329757098,0.0004588817677840954,9.996124649817657,0.0804253991729924,0.07540737359257671,0.003051489434636373
66.6,Population Snapshots,1.4126817650788366,0.00891905755707767,0.06529818372709086,0.0027236131547845044,952.2082653838326,2.794930058042553,0.011673858308862183,0.000454715044060177,9.997441261991524,0.07466755560984595,0.07749735574648274,0.003071605040491865
68.4,Population Snapshots,1.3834022076609518,0.009945875970997164,0.09641364281756878,0.0022271577701825293,955.6888193915511,2.786135708234724,0.011735040999608898,0.0004473212576834081,10.04522634903984,0.08142667359118327,0.08191904006185559,0.0032588838028397224
70.2,Population Snapshots,1.335516861582111,0.010602837319287683,0.11980183515510807,0.0010997769553703005,959.8057846699687,2.5233489491083674,0.011662281679872056,0.0004130683754479192,10.071099120965897,0.07470614248830465,0.08257675496602805,0.0030142331382915846
72.0,Population Snapshots,1.291921698417824,0.009650468195027462,0.12407383390416009,0.0006107741580047427,963.2829362545424,2.394171828667197,0.011572593912831447,0.000383157630829873,10.029590746992112,0.06267615904150148,0.08524965492312256,0.002891922275529986
73.8,Population Snapshots,1.2702259196045722,0.008337251021743763,0.10791025628727637,0.001989526491316132,965.0334918783154,2.1998111188006533,0.011496471690440555,0.00037174667474706644,9.932360706273062,0.06437167170834268,0.08427639623240903,0.0027881310019655867
75.6,Population Snapshots,1.2668054412704481,0.00657473458518254,0.07846246965210954,0.0031038722985762546,966.1233089169051,2.2238317243504753,0.011421339480388756,0.00035852449521011145,9.94655901311323,0.06102697122581979,0.08277011171895064,0.002551868731094961
77.4,Population Snapshots,1.2875004523645495,0.005514719001307289,0.04883422089908882,0.0030368353793839044,968.0040055089618,2.2169267558873003,0.011410135741962152,0.00033201544892186383,9.917902836391892,0.05743049258122834,0.0802817682271456,0.002469143934743588
79.2,Population Snapshots,1.3267778083195199,0.004104804000879758,0.029570038473187468,0.002495473180783095,969.8749316405037,2.1828026646718968,0.011428902302705799,0.00033961866523457996,9.981846638478599,0.055364897039116734,0.07547916330992158,0.0023171873525730594
81.0,Population Snapshots,1.37122153633562,0.004113577195491547,0.026753139179703105,0.0020409827395658567,971.6366975072899,2.163315149015034,0.011489393565263933,0.00034248843512571774,9.980529760046847,0.05303434606091617,0.0745653442144442,0.0021378461409931465
82.8,Population Snapshots,1.406929217424057,0.004792119364195435,0.040113088328470214,0.0019280754204187636,973.5094900229338,2.0695558951074418,0.011453707759534226,0.0003305081298700524,10.002389363362273,0.05395281248424677,0.0768500686212399,0.0022565951904800555
84.6,Population Snapshots,1.4051769707884187,0.0065477309347425905,0.06801502492752473,0.0019015841321408725,975.6341988195355,2.0537749566119032,0.0114738000847817,0.00031051337672218654,9.997079468447081,0.05453874250711532,0.07784605026233737,0.002170768068676235
86.4,Population Snapshots,1.3780600972059274,0.007107458033067782,0.09728581533637752,0.0015520704695914794,977.8799770571874,1.885137405061755,0.011316246620961236,0.0003024277535751763,10.011453861262623,0.05232744957637614,0.07972780160756109,0.00227828013838062
88.2,Population Snapshots,1.3382128530227533,0.0072762522525995355,0.11940419004087884,0.0008235018700282204,979.4555838626271,1.7408337738496016,0.011249110799224872,0.0002623624643782437,10.005136149688434,0.04665189875234699,0.08303088954444286,0.002174141249055156
90.0,Population Snapshots,1.2984508642376045,0.00655380183396892,0.12424430965324633,0.0003247789497721268,981.2426349852018,1.7133116450270336,0.011207182163956136,0.0002529439882092031,10.038577352612032,0.04671710495174075,0.08491016167753337,0.0020107391530005472
91.8,Population Snapshots,1.269094784152482,0.005889083113890359,0.10806485928177359,0.0015164138491273113,982.0901956268858,1.6326077946322926,0.011182583068687711,0.00024085328298281174,9.98471870298762,0.043864630466456056,0.08570517638697094,0.002008739420546718
93.6,Population Snapshots,1.2635905391897904,0.0050768470793851606,0.07786181241582839,0.0022280442399619793,982.7034111679443,1.5341230053048207,0.011154560455420267,0.00023840066909537432,9.941311071224673,0.042429064621085644,0.08306313299355728,0.00190345463205039
95.4,Population Snapshots,1.2874961835437047,0.003701479955000031,0.04901662044557186,0.0022374273833576618,983.7878144556396,1.5125661881497763,0.011159032137094982,0.00023317566321996285,9.983729719818328,0.041641867139508015,0.08084578716627921,0.001774902374554882
97.2,Population Snapshots,1.3249696691989135,0.003126305364824611,0.031258531857933286,0.0018408980616363285,984.9647344427185,1.4752334368440074,0.011193340671700556,0.00023940015258052186,10.01945370460632,0.04020730178508636,0.07890966285105674,0.0017729235079323308
99.0,Population Snapshots,1.3689544478444,0.0030610775719385197,0.030254735755024888,0.0015217762823731516,986.2084405370838,1.489868467097324,0.011253625409121953,0.0002271490872572798,10.003169106676694,0.039350433865422474,0.0764876753869502,0.0015791615722777139
100.8,Population Snapshots,1.4030706237782589,0.0035967902731440793,0.04166717703452496,0.0013178210028544877,986.8016686574758,1.493621006142007,0.011263485264209972,0.0002241744184203016,10.021703189012074,0.03710728540784647,0.07578200780469663,0.0016171503879852805
102.6,Population Snapshots,1.4084495275910727,0.004382791358689242,0.0661970499961355,0.0013127813743580158,988.1633058274077,1.4897703588952709,0.011285368348749046,0.00022315550159587947,10.027093907972944,0.0385242965015582,0.077657130279867,0.00163656761806108
104.4,Population Snapshots,1.385871477920091,0.005199765076339569,0.09566795100963535,0.0011256656632391351,989.4467320248352,1.4033336787804274,0.01129224636735366,0.00021452491763495653,10.012941900118236,0.039608460449581884,0.08026247990215599,0.001610322611183504
106.2,Population Snapshots,1.3426287455224242,0.005140744091790994,0.11913187487150165,0.0006066046674005968,989.9026438002696,1.248122627324392,0.011236041286514675,0.00019667334535296462,10.000804669133409,0.034078994521079764,0.0823749379006836,0.0015311800408744705
108.0,Population Snapshots,1.298371358435446,0.004789823906516166,0.12428931826118508,0.00023985934466227987,990.1699055016476,1.2370439578228343,0.01121436356338404,0.00019562731196832127,9.968927530308346,0.0336278670736565,0.0849899946740732,0.001522355099589985
109.8,Population Snapshots,1.2721462391620952,0.004174346761804948,0.10863236162514923,0.0009701793595803948,990.4485489273087,1.164372566128634,0.011179556257880353,0.00017769042137094626,9.98321240308266,0.03216185710596964,0.08525284750833999,0.0014957519952277787
111.6,Population Snapshots,1.2670897299093749,0.003257205846997513,0.07860837594287753,0.0015683136505069625,991.0995294791462,1.1411668322385822,0.01110355326360951,0.00017756897765601812,9.987125763546453,0.031069037879270844,0.08298291408258646,0.0012929316858273782
113.4,Population Snapshots,1.2905880153055238,0.0028439335206389416,0.05137407650297896,0.0015707697355624647,991.8313313481715,1.10445655667138,0.011104641614152092,0.00017155773372573742,10.00125345593011,0.030347544837595386,0.07971148551190477,0.0012777513145048394
115.2,Population Snapshots,1.3295362159856168,0.0021817645060216995,0.0321535732289347,0.001422061330597208,992.4498440846005,1.11935363009934,0.011093279872973707,0.0001698929253798288,10.009844977066415,0.029600210240695368,0.076352941062579,0.0011652007017220814
117.0,Population Snapshots,1.372646988524402,0.0021989178506931495,0.029543949706221703,0.001113329131926211,992.8580110478928,1.0834564770982524,0.011085370797969585,0.00016619916038194786,10.003251798766785,0.027278097145734925,0.07524758221210934,0.0011209104272303372
118.8,Population Snapshots,1.4049407584388274,0.0025797913243231774,0.041933825576450416,0.0009936984709896964,993.3051019906586,1.0578467504299738,0.011085577102087931,0.00016334906486654976,9.995355209871681,0.028314828093512823,0.07666076819609723,0.0012025383832877518
120.6,Population Snapshots,1.4116498462641232,0.003066871991690978,0.06598419137696504,0.0009550475545762743,993.4724228571896,0.9702936273195633,0.011073824205539814,0.0001530973531093157,9.998764383696775,0.026903740605875193,0.07764227652527063,0.0011620102822749098
122.4,Population Snapshots,1.3887374380153084,0.003386704062320778,0.09545841924168302,0.0008315322176534676,993.7746348442827,0.9919335456790463,0.011080412479897618,0.00014784544944872972,9.980793000898805,0.026092477704202643,0.08042926563991447,0.0011550973590383415
124.2,Population Snapshots,1.3441010393443604,0.003539617511091442,0.11905027019332375,0.00045947144681805774,994.2350567285363,0.9278863723449717,0.011067221822971585,0.00014199451270955916,10.005691901277652,0.025323078420426803,0.08387397996265342,0.0011287975788484075
0.0,Lineage Tracking,1.0,0.0,0.0,0.0,500.0,0.0,0.0,0.0,5.0,0.0,0.0,0.0
1.8,Lineage Tracking,1.0717734599999997,0.0,0.0,0.0,506.0140117436653,0.6507472202890199,0.0,0.0,6.679674116844555,0.17960884978764113,0.0,0.0
3.6,Lineage Tracking,1.14869835,0.0,0.0,0.0,520.8868409298952,1.6450862364341106,0.0,0.0,7.808187721036104,0.20028103652683038,0.0,0.0
5.4,Lineage Tracking,1.23114441,0.0,0.0,0.0,541.2062214572665,2.6086724094338933,0.0,0.0,8.604829132010007,0.21220093481558155,0.0,0.0
7.2,Lineage Tracking,1.31950791,0.0,0.0,0.0,564.2314839296816,3.3422627806738205,0.0,0.0,9.014595230075546,0.21698429458941515,0.0,0.0
9.0,Lineage Tracking,1.4072372445085202,0.004949747460000098,0.0,0.0,588.1246724352967,4.180251922028958,2.794347162663451e-06,3.81978763353717e-06,9.35026361460624,0.20868488528298368,0.0007212946428571428,0.0007852957589285713
10.8,Lineage Tracking,1.48670272322564,0.010610016060000116,0.0,0.0,611.8638946034163,4.648062787803724,2.5893771727916103e-05,2.7039938065971028e-05,9.530035046865965,0.21359533617993431,0.004185104625559709,0.002414462936635985
12.6,Lineage Tracking,1.5439309774167798,0.017869552580000003,0.0,0.0,634.7962357031025,5.189548062886445,8.146733350078444e-05,5.912552213041399e-05,9.495858053431792,0.20236934672269413,0.008818024491367246,0.00393893418339555
14.4,Lineage Tracking,1.5578206362956202,0.025245966529999886,0.0,0.0,656.4313845683914,5.510525173605231,0.0002346607313537751,0.00010063617008453306,9.627928329117395,0.19111468852813562,0.016035632837853975,0.004714933873321784
16.2,Lineage Tracking,1.5123531734909998,0.03265615465000005,0.0,0.0,677.484940935948,5.835495902243963,0.0005125030452132873,0.00015744001849517215,9.723940370525366,0.19164649538665923,0.01959823111619618,0.0043147394756835105
18.0,Lineage Tracking,1.456044,0.035050000000000026,0.0,0.0,698.0640523540839,6.2381859120048375,0.0008565987327638148,0.0002033285266393134,9.87041092588658,0.17628123568768927,0.026651544628014428,0.005179138139631967
19.8,Lineage Tracking,1.3914427587091398,0.03429675103999996,0.0,0.0,717.01159538732,6.165850297731936,0.0013622313587108503,0.00026716111896310057,9.887061088001577,0.17205711171027627,0.036526553633286496,0.004984414279384994
21.6,Lineage Tracking,1.3172545183779734,0.029904447323666816,0.0004787499874967177,0.0004999999869417418,735.4971080785482,6.250294654502511,0.0019010949361542573,0.0003045223337021271,9.950115566820186,0.16697340288121776,0.03648290434249496,0.004708316645854103
23.4,Lineage Tracking,1.3036854912345734,0.021965668363333246,0.0014959999635461131,0.0009999999756324285,753.5573521118996,6.306142013059798,0.002518696190205772,0.0003773333258103881,10.035903360011543,0.16118132320535583,0.04453123204671719,0.006275674411073042
25.2,Lineage Tracking,1.3499260860826534,0.01651584066733358,0.002255249948725204,0.001124999974422283,769.8170123578143,6.409973087814706,0.003154975105585896,0.00039896936985142867,10.009931184606355,0.15917391223093258,0.03673925165445453,0.004728467943181665
27.0,Lineage Tracking,1.3923913019601601,0.013199326559999891,0.007921249999999998,0.00225,785.5532267010901,6.430742697390883,0.0037252253184102695,0.0004622577200828668,10.042996951202086,0.16136765874010184,0.03911613808740492,0.004325234386089841
28.8,Lineage Tracking,1.4560023890580795,0.015169796769499921,0.014018500277462825,0.003000000059377855,800.6169366109037,6.339181961227553,0.004261018464529074,0.0005197612402602254,10.123769887415932,0.14780549073812566,0.04042465566718735,0.004349645607841235
30.6,Lineage Tracking,1.4834696170533066,0.019494057401999942,0.028551499472734717,0.00387499992843973,814.5935122516142,6.387346897836721,0.0046007110809306315,0.00053094682301156,10.019571244743181,0.14582007417501242,0.040923893975213246,0.004383522352283616
32.4,Lineage Tracking,1.4750121249760804,0.023504865389999963,0.04279075073730499,0.004500000077537137,828.06636366195,6.431782017171429,0.004852344501077472,0.0004857226532843416,9.9956929886177,0.1432522547249322,0.050671385751350814,0.005160517992602403
34.2,Lineage Tracking,1.4352784282970665,0.027990989700000024,0.056111,0.004375,838.6982044789052,6.268666027504651,0.005083029028411723,0.000508479166073762,9.825434895565133,0.13119176485774187,0.05285904650686818,0.005446509008892573
36.0,Lineage Tracking,1.3701433333333335,0.026999999999999913,0.054957500000000006,0.004381249999999996,847.5355861720051,6.193800512987593,0.005400481086247881,0.00048169909856912285,9.893782212883544,0.14410416900056422,0.05581560652087468,0.004955437938668997
37.8,Lineage Tracking,1.3221733248354133,0.02351470993540017,0.048485000673407226,0.004442187559743262,857.6476582160662,6.267050668636614,0.005700850801246132,0.00048370320988111275,9.970538825842617,0.1271685116123571,0.059978225093449945,0.004869069466410334
39.6,Lineage Tracking,1.3025078351493575,0.01930579044026659,0.03627075045425437,0.00409687504990703,867.6496775788444,6.041562636739457,0.00591209399058213,0.00047649320613583814,10.021812981453552,0.12844247568696066,0.05341522297269587,0.004034969175958195
41.4,Lineage Tracking,1.3109933182374265,0.013874997601000083,0.02432768775343721,0.0036578125471550572,876.3429186031623,6.138044212481191,0.006085579135558472,0.00047758207790060247,9.9802708343946,0.119002590676347,0.05804057492443026,0.00435882071935071
43.2,Lineage Tracking,1.333079840708675,0.010208592826708385,0.016614937365709643,0.0031249999722908067,884.5093087183175,6.083302708123824,0.006266235951928135,0.0004709386456207233,9.962966426999495,0.11680727622913167,0.05905009663339021,0.003917848222037799
45.0,Lineage Tracking,1.3805908077041076,0.010189745417314544,0.018617125,0.002937500000000001,891.8187830830602,5.668888058602988,0.006581753544111906,0.00048353541371431606,9.96368200640251,0.1113051328686776,0.05940173318717006,0.004143212658966913
46.8,Lineage Tracking,1.4240787562436785,0.012626279969633392,0.02751893795935389,0.0033140625581253545,899.0913055461673,5.721170742773438,0.006880234862160514,0.0005112746879591128,9.959565358220965,0.10841269266865172,0.05791193165728144,0.0039391047803983975
48.6,Lineage Tracking,1.4359135082530425,0.016270962512442866,0.04786274920817525,0.003751562438899649,905.4767169023816,5.560303017949536,0.007118167634408182,0.0005156658730324326,9.927142135456307,0.10104388644826034,0.061614069234070624,0.004239867184897352
50.4,Lineage Tracking,1.4205143493094794,0.018484690430333295,0.07039156361918457,0.0035937500544375375,912.0208795476125,5.101040997121174,0.007241767860166137,0.0005075305628651681,9.968161946638983,0.10634537138642752,0.06413842100547969,0.004051094754154896
52.2,Lineage Tracking,1.3884808702159144,0.020761761229861952,0.08370837500214824,0.0033749999991961738,917.1108658763496,5.10398667423766,0.007556707323091073,0.0005208689271878069,9.907279044824511,0.09667899289849746,0.06812095981954826,0.004365389659945769
54.0,Lineage Tracking,1.3388587999999997,0.01870904761904746,0.08436793750000002,0.0031562499999999993,921.7148976831287,4.839292613837301,0.007770737114199767,0.0005354277364374898,9.97098504871434,0.0987998483406054,0.0727247277075557,0.004445407338358319
55.8,Lineage Tracking,1.281744185415186,0.016404768876195353,0.0712926416726146,0.0037593750539974546,927.2141936092125,4.613402023770902,0.008014896008451695,0.0005414636456909641,9.92959393470661,0.09101852603210503,0.0754019411377318,0.0037793103104761805
57.6,Lineage Tracking,1.2695248835593833,0.012766961760476314,0.05109942256536492,0.0037273438188568063,931.387144072509,4.4695265878903,0.008344875340259088,0.0005539522406450489,9.979688318711466,0.08558153285136694,0.07645225745398265,0.003336835740729932
59.4,Lineage Tracking,1.2927224628471095,0.009752031753863966,0.032111937857116024,0.0032761719283461027,935.3294528162967,4.38133568877015,0.008648870326663291,0.0005408054574962198,9.95630604143093,0.08669359605022287,0.07092142152717051,0.0030705181495799053
61.2,Lineage Tracking,1.3286598639211114,0.006969400856085217,0.02033323425114005,0.0026339843670713497,940.4289391879686,4.143018986002005,0.008852935030497644,0.0005290331907781701,10.036433499283998,0.0818099349635606,0.06776494585149143,0.003230755833596742
63.0,Lineage Tracking,1.3765318947930298,0.00777150145108052,0.020064171874999998,0.0024222656250000012,944.5261118926486,4.12958241760731,0.008998047992701992,0.0004977770289618768,10.063281545780626,0.07839491390622477,0.06545465372559477,0.002872300359112942
64.8,Lineage Tracking,1.4165877264299407,0.009463041371499892,0.03408717236233026,0.0029621094267732913,948.589271765358,3.8838435932595985,0.009118268680110364,0.0004841142837653037,9.987695312444867,0.07257281837716434,0.06636047231085533,0.0030495668583192595
66.6,Lineage Tracking,1.4329042200305366,0.012280136356011773,0.054961655424177046,0.0033046874339979077,951.8204059510708,3.9429625794709864,0.009213297555129242,0.00048040319696957164,9.992113162583692,0.07269515457735132,0.06806494195114726,0.003172190466992693
68.4,Lineage Tracking,1.4096117845978289,0.01364372192801333,0.08096849341907744,0.0027917969157900124,955.5967993188522,3.881006417031074,0.009389350417090355,0.00047816203842585784,10.041805541963713,0.07040545798023601,0.07330773396749832,0.0030371840825057575
70.2,Lineage Tracking,1.3611051095187323,0.013717420155276216,0.1013667382792022,0.002078222656302725,959.4226622614789,3.813903335029636,0.00945909924016302,0.00047661949017927235,10.06833505567562,0.06680283004729404,0.07493311367848936,0.00293751570026049
72.0,Lineage Tracking,1.31459295997336,0.012997016317016441,0.1038398515625,0.0019843749999999966,962.9213506862477,3.4668611818043473,0.009598195467005214,0.00047723996202155786,10.029275254978879,0.07151897651108996,0.0780327751921794,0.002979259007270349
73.8,Lineage Tracking,1.287178705098152,0.011359647180920973,0.09104541934928317,0.0025145508181749626,964.5895926365318,3.4024823681431258,0.009709769893662696,0.00045788598184164434,9.933579611563612,0.065469361544368,0.07822152874655111,0.0027694983855604607
75.6,Lineage Tracking,1.2770258439471818,0.009168658019668374,0.0665251493952281,0.0029439453514125066,966.1465320118267,3.3057657285780238,0.009691946405929165,0.00042490310127286674,9.949829956216558,0.056830565702385094,0.07756197246539136,0.002671596389335132
77.4,Lineage Tracking,1.2935454584250656,0.00684646795754229,0.04178777785318866,0.0030012695742102358,967.8157831466198,3.231306224808236,0.009792361885900864,0.00040061538724343957,9.917322865827186,0.054473185549751335,0.07530287770837557,0.002327686724265518
79.2,Lineage Tracking,1.3308854626986195,0.005609023760229426,0.025478441280348835,0.002364453121643852,969.7869545739559,3.184088370085192,0.009862554392617103,0.0003846042876894159,9.986011779154468,0.05541731151608076,0.07077696447944624,0.0021026410315060085
81.0,Lineage Tracking,1.3751045144334493,0.0055528305268564004,0.02428669140625,0.0021274414062499997,971.6435113768364,3.007976826449976,0.009960690391416616,0.0003664528633019028,9.980823592280354,0.053870235066922234,0.07021747542560738,0.002241519758881004
82.8,Lineage Tracking,1.4138161374945288,0.007163734767991481,0.036765672359058754,0.0023311523881950416,973.5040366886079,2.938871401026404,0.010006487043889137,0.00037178355718700453,10.002282873368614,0.057128303667082214,0.072205418713102,0.002329895981461612
84.6,Lineage Tracking,1.4169437743360236,0.009849490108690406,0.06208400691836446,0.002609472613647846,975.3661439369281,3.05135098457896,0.010080986321624248,0.0003814332612012382,9.99447017994468,0.053826846954093455,0.07295901876393952,0.0022035210193541363
86.4,Lineage Tracking,1.3918514504959394,0.01042876984513641,0.08918261461216372,0.0022471680114982823,977.4734542077003,2.8469008317961197,0.010052143506072813,0.0003514521661888807,10.00870373770138,0.05124556054092366,0.07516844977387432,0.0021371417795186046
88.2,Lineage Tracking,1.352933700450932,0.010087880461019605,0.10913441015625,0.0014496093750000008,979.1325789386727,2.736496998153143,0.010053826716309347,0.00033269498756600784,9.999484386605266,0.05128753427094779,0.07886310678564154,0.0021708045431978393
90.0,Lineage Tracking,1.3102193585387953,0.009333412918970274,0.11366391503906251,0.0011389648437499997,981.1365200955584,2.6367495773465066,0.010082004395389957,0.0003033050459931349,10.040420491902987,0.04875224538213985,0.08147184854672856,0.001981120720157138
91.8,Lineage Tracking,1.278023757940966,0.00808906588916991,0.09843789506737363,0.0019265381079457203,981.9575660315068,2.4752109255417167,0.010174485901960625,0.0003008815936821254,9.98925502977588,0.04273448234664112,0.0831385462157703,0.0020582314471196544
93.6,Lineage Tracking,1.2690309014838497,0.006040408911991424,0.07156486530747083,0.002337475615488173,982.7186375482769,2.3935563177936388,0.010260342593377925,0.00029329689060679856,9.943316166952739,0.04329763296686284,0.07999498167914912,0.001962648036509397
95.4,Lineage Tracking,1.290104516134761,0.0045867956973179025,0.045645112882079876,0.0021360351904177247,983.7019768418826,2.2564930072425113,0.010335116990672882,0.0002837845354939474,9.98640029118278,0.04115337402279717,0.07828218487729663,0.0017234614715582741
97.2,Lineage Tracking,1.3270427443513504,0.0038960492709115835,0.029127036965243644,0.0020186279325478916,984.9357282774967,2.264373550611822,0.010397461310923332,0.0002779632387976067,10.019115124883218,0.040929184230313886,0.07678069935176032,0.0016618176910525168
99.0,Lineage Tracking,1.3715951707413594,0.004555720214382997,0.028688235351562508,0.0018434570312499989,986.1819162324194,2.151882048396601,0.010488049389692895,0.00027365866916746577,10.002802344599015,0.039690787939418826,0.0741327292763269,0.0015533908440271485
100.8,Lineage Tracking,1.4067902700569235,0.00513134069348431,0.039925828629501524,0.0017628662370701917,986.8277046360355,2.165963211022529,0.010546585082212994,0.00026950399567240556,10.021809583015223,0.039004168846361154,0.07367108045705688,0.0015083422697179383
102.6,Lineage Tracking,1.414499704680265,0.006947684000071286,0.06332043171672279,0.0018464355230282982,988.0386299299903,2.112502493829311,0.01062302219341875,0.00027247495927679687,10.026158473358198,0.03409509313604797,0.07548077640420968,0.001608393655953784
104.4,Lineage Tracking,1.39299525554158,0.007039247948104399,0.09172654259849375,0.0015794250768642396,989.1973657499146,1.9877149341813265,0.01065949106548481,0.0002454878091480506,10.011909788387783,0.03543394348943707,0.07803118853352825,0.0015354544919402718
106.2,Lineage Tracking,1.349716487822589,0.0073968039293142995,0.11411424609363187,0.0009470092782411302,989.8276907116261,1.8964425598657044,0.010667331263314272,0.00024598644699404,10.003102499724024,0.03336336235517923,0.0805930486075671,0.0016346149635454027
108.0,Lineage Tracking,1.3043475484795803,0.006736415143173913,0.11889426879882813,0.0006378967285156287,990.1248283110923,1.8299347130436558,0.010665252692828567,0.0002490715960436988,9.969734174494128,0.03498288203348476,0.08322933889322044,0.0014727250278757792
109.8,Lineage Tracking,1.276556853665833,0.005627948734891697,0.10399502285289629,0.0013611450345571222,990.4463044985979,1.8089490581184577,0.010680168483850878,0.0002327166750777888,9.984556832949625,0.030998697691557275,0.08360863928761848,0.0013874702967382885
111.6,Lineage Tracking,1.2696482916180443,0.004279076793878178,0.07530218496808275,0.0017981933811690998,991.1458242230725,1.6768995871656784,0.010658338397893988,0.00021820849213068354,9.988016504504511,0.031134073561577935,0.08149558565132883,0.0013429234289932188
113.4,Lineage Tracking,1.2921578689441224,0.003121935047037061,0.049382481832524514,0.001722381616137393,991.8105670306951,1.7092734414374036,0.010682733044882167,0.00021495530395869433,10.001576304096535,0.031003839942272293,0.0784444743089324,0.0012675721544186253
115.2,Lineage Tracking,1.3304023791379398,0.0025386517527968833,0.03115155894781148,0.001456695555218334,992.4767631082993,1.5531046185260493,0.010706994166307186,0.00019842793378463657,10.009708397061564,0.028962408375516446,0.07513603450365874,0.0011858559296145932
117.0,Lineage Tracking,1.3736654738409602,0.002906624345447195,0.028856814208984373,0.0012521057128906232,992.821620875575,1.4667406309818602,0.010699740638381881,0.00019566858812751498,10.002695194315127,0.027980152824014226,0.07409811726757459,0.0011051682451451161
118.8,Lineage Tracking,1.4068275707415479,0.0037635763294355806,0.041019813238072696,0.0012598388767309336,993.3199590540454,1.4906488451856035,0.010721621112483905,0.00019527549025424862,9.995257199585854,0.027816532808482286,0.0755009439736882,0.0011651487413415484
120.6,Lineage Tracking,1.4144772270250208,0.004539829997565303,0.06451845223228565,0.0013030212222690796,993.4662470406371,1.4574551391609134,0.010719488146266514,0.00018446851296543675,9.998241038849786,0.02890241879919042,0.07631554308069405,0.0011301538835546202
122.4,Lineage Tracking,1.3919337278523336,0.004987606782938414,0.09352569323925164,0.0011188049546885237,993.8072943691465,1.4365070449168797,0.010728373812852276,0.0001787121211979303,9.979961821490894,0.026749114594043277,0.0791831854028819,0.0010566403349633463
124.2,Lineage Tracking,1.3474013650420806,0.004766433617946042,0.1167446459978895,0.0005638793953419638,994.1927019329913,1.4414219011731575,0.010747202768202164,0.00016192751570508635,10.006179686093553,0.026071003373589363,0.08274891882594641,0.0012517794323627165
